Product Name,Price
365 Camo Seamless Bra,"LKR 5,350.00"
365 Seamless Biker Shorts,"LKR 5,450.00"
365 Seamless Crop Bra,"LKR 5,250.00"
365 Seamless Legging,"LKR 5,750.00"
365 Seamless Long Sleeve Crop,"LKR 5,250.00"
365 Zip Up Crop Jacket,"LKR 5,850.00"
90's Bell Bottom Legging,"LKR 6,750.00"
90’s V Taper Flared Legging,"LKR 6,750.00"
Abyss Muscle Tank,"LKR 4,850.00"
Abyss Oversized Tee,"LKR 4,950.00"
Abyss Women's Wide Leg Pant,"LKR 5,500.00"
Aceline Bra,"LKR 4,550.00"
Aceline Skort,"LKR 4,750.00"
Active Core Jogger,"LKR 4,990.00"
Active Drop Hole Tank - Unisex,"LKR 3,250.00"
Active Drop Hole Tank - Unisex,"LKR 3,250.00"
Active Drop Hole Tank - Unisex,"LKR 3,250.00"
Active Drop Hole Tank - Unisex,"LKR 3,250.00"
Active Drop Hole Tank - Unisex,"LKR 3,250.00"
Active Drop Hole Tank - Unisex,"LKR 3,250.00"
Active Pocket Legging,"LKR 7,650.00"
Active Racer Sports Bra,"LKR 5,500.00"
ActiveFit Muscle Tank,"LKR 3,850.00"
Aeris Crop Top,"LKR 5,750.00"
Aeris Flared Pants,"LKR 6,750.00"
Aeris Runner Short,"LKR 5,750.00"
Aeris Skort,"LKR 5,950.00"
Aero Seamless Biker Short,"LKR 5,250.00"
AirBond Bra,"LKR 6,250.00"
All Black 2L Hydrator,"LKR 3,950.00"
ALL BLACK HYBRID DUFFEL BAG,"LKR 12,500.00"
All-Star Crop Jersey,"LKR 4,500.00"
AllDayActive Legging,"LKR 3,850.00"
Allure Bodycon Dress,"LKR 6,750.00"
Allure Bra,"LKR 5,950.00"
Allure Full Romper,"LKR 7,750.00"
Allure Mid Romper,"LKR 7,650.00"
Allure Seamless Bodysuit,"LKR 5,990.00"
Arc Racerback Sports Bra,"LKR 5,750.00"
Arc Sneaker,"LKR 16,500.00"
Archive05 Tee,"LKR 4,850.00"
Aria Crossback Romper,"LKR 6,500.00"
Asphalt Drift Tee,"LKR 4,750.00"
Astro Baseball Hat,"LKR 3,350.00"
Astro Tee V2 - Oversize - Unisex,"LKR 4,850.00"
Atelier 1980 Tee,"LKR 4,950.00"
Atelier Crew Knit Tee,"LKR 5,950.00"
Athleisure V Neck Crop,"LKR 4,950.00"
Athletic Seamless Compression,"LKR 4,990.00"
AthletiCore Crop,"LKR 5,950.00"
